[
   {
      "model":"api.place",
      "pk":1,
      "fields":{
         "venue_name":"Campus Batelle",
         "address":"Rue de la Tambourine 17",
         "zip":"1227",
         "city":"Carouge",
         "state":"Genève",
         "creator":5,
         "created_at":"2023-05-21T21:11:57.383Z",
         "updated_at":"2023-05-21T21:11:57.383Z"
      }
   },
   {
      "model":"api.place",
      "pk":2,
      "fields":{
         "venue_name":"Parc des Evaux",
         "address":"Chem. François-Chavaz 110",
         "zip":"1213",
         "city":"Onex",
         "state":"Genève",
         "creator":3,
         "created_at":"2023-05-21T21:23:46.077Z",
         "updated_at":"2023-05-21T21:23:46.077Z"
      }
   },
   {
      "model":"api.place",
      "pk":3,
      "fields":{
         "venue_name":"HES-SO Valais-Wallis",
         "address":"Rue de l'Industrie 21",
         "zip":"1950",
         "city":"Sion",
         "state":"Valais",
         "creator":1,
         "created_at":"2023-05-21T21:23:46.077Z",
         "updated_at":"2023-05-21T21:23:46.077Z"
      }
   },
   {
      "model":"api.place",
      "pk":4,
      "fields":{
         "venue_name":"Uni Mail",
         "address":"Bd du Pont-d'Arve 40",
         "zip":"1205",
         "city":"Genève",
         "state":"Genève",
         "creator":4,
         "created_at":"2023-05-21T21:23:46.077Z",
         "updated_at":"2023-05-21T21:23:46.077Z"
      }
   },
   {
      "model":"api.place",
      "pk":5,
      "fields":{
         "venue_name":"Village du Soir",
         "address":"Rte des Jeunes 24",
         "zip":"1212",
         "city":"Lancy",
         "state":"Genève",
         "creator":2,
         "created_at":"2023-05-21T21:23:46.077Z",
         "updated_at":"2023-05-21T21:23:46.077Z"
      }
   },
   {
      "model":"api.place",
      "pk":6,
      "fields":{
         "venue_name":"Maison de Quartier de Carouge",
         "address":"Rue de la Tambourine 3",
         "zip":"1227",
         "city":"Carouge",
         "state":"Genève",
         "creator":3,
         "created_at":"2023-05-21T21:23:46.077Z",
         "updated_at":"2023-05-21T21:23:46.077Z"
      }
   },
   {
      "model":"api.place",
      "pk":7,
      "fields":{
         "venue_name":"Parc La Grange",
         "address":"Quai Gustave-Ador",
         "zip":"1207",
         "city":"Genève",
         "state":"Genève",
         "creator":3,
         "created_at":"2023-05-21T22:14:15.932Z",
         "updated_at":"2023-05-21T22:14:15.932Z"
      }
   },
   {
      "model":"api.place",
      "pk":8,
      "fields":{
         "venue_name":"HEG Valais-Wallis",
         "address":"Rue de la Plaine 2",
         "zip":"3960",
         "city":"Sierre",
         "state":"Valais",
         "creator":1,
         "created_at":"2023-05-21T22:25:05.426Z",
         "updated_at":"2023-05-21T22:27:42.388Z"
      }
   },
   {
      "model":"api.place",
      "pk":9,
      "fields":{
         "venue_name":"EPFL",
         "address":"Rte Cantonale",
         "zip":"1015",
         "city":"Lausanne",
         "state":"Vaud",
         "creator":3,
         "created_at":"2023-05-22T20:01:30.748Z",
         "updated_at":"2023-05-22T20:01:30.749Z"
      }
   },
   {
      "model":"api.place",
      "pk":10,
      "fields":{
         "venue_name":"EDM",
         "address":"Rue de l'Ecole-de-Médecine",
         "zip":"1205",
         "city":"Genève",
         "state":"Genève",
         "creator":3,
         "created_at":"2023-05-27T22:08:23.662Z",
         "updated_at":"2023-05-27T22:22:18.724Z"
      }
   },
   {
      "model":"api.place",
      "pk":11,
      "fields":{
         "venue_name":"ETHZ",
         "address":"Rämistrasse 101",
         "zip":"8092",
         "city":"Zürich",
         "state":"Zürich",
         "creator":3,
         "created_at":"2023-05-27T22:32:14.928Z",
         "updated_at":"2023-05-27T22:32:14.928Z"
      }
   },
   {
      "model":"api.event",
      "pk":1,
      "fields":{
         "title":"Open days",
         "description":"Discover educational opportunities at HEG's open days. Explore facilities, meet faculty, and learn about innovative programs.",
         "event_pic":"https://www.hes-so.ch/typo3temp/assets/_processed_/d/6/csm_rdrypybhrt1qso5h1ll0vxh4mcbrlts1_c21d029fdb.jpg",
         "date":"2023-09-20T09:00:00Z",
         "event_capacity":1000,
         "price":0,
         "creator":3,
         "place":8,
         "created_at":"2023-05-16T17:52:14.405Z",
         "updated_at":"2023-05-23T07:47:30.436Z"
      }
   },
   {
      "model":"api.event",
      "pk":2,
      "fields":{
         "title":"Karaoke night",
         "description":"Come and sing your favorite songs! All students welcome, no singing experience required.",
         "event_pic":"https://images.pexels.com/photos/6173860/pexels-photo-6173860.jpeg?auto=compress&cs=tinysrgb&w=1260&h=750&dpr=2",
         "date":"2023-07-07T20:00:00Z",
         "event_capacity":30,
         "price":0,
         "creator":3,
         "place":6,
         "created_at":"2023-05-16T17:52:14.405Z",
         "updated_at":"2023-06-01T10:10:24.567Z"
      }
   },
   {
      "model":"api.event",
      "pk":3,
      "fields":{
         "title":"Study group 64-32",
         "description":"Enhance your learning experience and accelerate your progress by joining a supportive study group.",
         "event_pic":"https://images.pexels.com/photos/273209/pexels-photo-273209.jpeg?auto=compress&cs=tinysrgb&w=1260&h=750&dpr=2",
         "date":"2023-06-16T18:00:00Z",
         "event_capacity":10,
         "price":0,
         "creator":4,
         "place":1,
         "created_at":"2023-05-16T17:52:14.405Z",
         "updated_at":"2023-05-31T14:39:22.633Z"
      }
   },
   {
      "model":"api.event",
      "pk":4,
      "fields":{
         "title":"BackTo90s",
         "description":"Join us at this exclusive student party for HEG students! Bring your friends along and get ready to have an amazing time!",
         "event_pic":"https://images.pexels.com/photos/1154189/pexels-photo-1154189.jpeg?auto=compress&cs=tinysrgb&w=1600",
         "date":"2023-06-30T22:00:00Z",
         "event_capacity":250,
         "price":20,
         "creator":2,
         "place":5,
         "created_at":"2023-05-16T17:52:14.405Z",
         "updated_at":"2023-05-23T07:45:38.049Z"
      }
   },
   {
      "model":"api.event",
      "pk":5,
      "fields":{
         "title":"Charity Fundraiser",
         "description":"Join us for an impactful evening of giving and support as we come together and make a positive difference in our local community.",
         "event_pic":"https://images.pexels.com/photos/6591154/pexels-photo-6591154.jpeg?auto=compress&cs=tinysrgb&w=1600",
         "date":"2023-08-08T20:00:00Z",
         "event_capacity":350,
         "price":200,
         "creator":5,
         "place":6,
         "created_at":"2023-05-16T17:52:14.405Z",
         "updated_at":"2023-05-23T07:46:52.502Z"
      }
   },
   {
      "model":"api.event",
      "pk":6,
      "fields":{
         "title":"Mini-Golf Tournement",
         "description":"Join us for an evening of crazy Mini-Golf adventures and after party",
         "event_pic":"https://images.pexels.com/photos/54123/pexels-photo-54123.jpeg?auto=compress&cs=tinysrgb&w=1600",
         "date":"2023-06-15T13:00:00Z",
         "event_capacity":20,
         "price":5,
         "creator":4,
         "place":2,
         "created_at":"2023-05-16T17:52:14.405Z",
         "updated_at":"2023-05-31T14:39:10.449Z"
      }
   },
   {
      "model":"api.event",
      "pk":7,
      "fields":{
         "title":"Beer Pong Tournement",
         "description":"Come and test your Beer Pong skills every Friday in April after class.",
         "event_pic":"https://images.pexels.com/photos/544988/pexels-photo-544988.jpeg?auto=compress&cs=tinysrgb&w=1600",
         "date":"2023-06-15T21:00:00Z",
         "event_capacity":32,
         "price":5,
         "creator":1,
         "place":2,
         "created_at":"2023-05-16T17:52:14.405Z",
         "updated_at":"2023-05-31T14:39:34.671Z"
      }
   },
   {
      "model":"api.event",
      "pk":8,
      "fields":{
         "title":"AI Hackathon",
         "description":"A 48-hour hackathon to create Artificial Intelligence projects.",
         "event_pic":"https://images.pexels.com/photos/3861969/pexels-photo-3861969.jpeg?auto=compress&cs=tinysrgb&w=1260&h=750&dpr=2",
         "date":"2023-10-11T09:00:00Z",
         "event_capacity":70,
         "price":0,
         "creator":2,
         "place":1,
         "created_at":"2023-05-16T17:52:14.405Z",
         "updated_at":"2023-05-19T07:32:40.544Z"
      }
   },
   {
      "model":"api.event",
      "pk":9,
      "fields":{
         "title":"Cybersecurity conference",
         "description":"A conference on the latest trends and best practices in cybersecurity.",
         "event_pic":"https://images.pexels.com/photos/5380792/pexels-photo-5380792.jpeg?auto=compress&cs=tinysrgb&w=1260&h=750&dpr=2",
         "date":"2023-10-18T14:00:00Z",
         "event_capacity":270,
         "price":0,
         "creator":1,
         "place":4,
         "created_at":"2023-05-16T17:52:14.405Z",
         "updated_at":"2023-05-21T17:25:34.998Z"
      }
   },
   {
      "model":"api.event",
      "pk":10,
      "fields":{
         "title":"Web dev workshop",
         "description":"Master the fundamentals of web development in a concise and focused workshop.",
         "event_pic":"https://images.pexels.com/photos/577585/pexels-photo-577585.jpeg?auto=compress&cs=tinysrgb&w=1260&h=750&dpr=2",
         "date":"2023-11-06T10:00:00Z",
         "event_capacity":20,
         "price":120,
         "creator":5,
         "place":3,
         "created_at":"2023-05-16T17:52:14.405Z",
         "updated_at":"2023-05-21T18:00:54.316Z"
      }
   },
   {
      "model":"api.event",
      "pk":11,
      "fields":{
         "title":"Event without image",
         "description":"Testing to create an event without image.",
         "event_pic":"https://decizia.com/blog/wp-content/uploads/2017/06/default-placeholder.png",
         "date":"2023-11-09T10:00:00Z",
         "event_capacity":0,
         "price":0,
         "creator":3,
         "place":4,
         "created_at":"2023-05-16T17:52:14.405Z",
         "updated_at":"2023-05-19T07:33:02.946Z"
      }
   },
   {
      "model":"api.event",
      "pk":12,
      "fields":{
         "title":"Review evening",
         "description":"Join the course assistants for a lesson review session and improve your understanding of the topics studied.",
         "event_pic":"https://images.pexels.com/photos/15429294/pexels-photo-15429294.jpeg?auto=compress&cs=tinysrgb&w=1260&h=750&dpr=2",
         "date":"2023-06-27T18:00:00Z",
         "event_capacity":60,
         "price":0,
         "creator":4,
         "place":1,
         "created_at":"2023-05-16T22:08:15.716Z",
         "updated_at":"2023-05-21T17:56:42.766Z"
      }
   },
   {
      "model":"api.event",
      "pk":13,
      "fields":{
         "title":"Video game tournament",
         "description":"Come and compete against your friends in our video game tournament! Games include Mario Kart, Super Smash Bros and FIFA.",
         "event_pic":"https://images.pexels.com/photos/9072394/pexels-photo-9072394.jpeg?auto=compress&cs=tinysrgb&w=1260&h=750&dpr=2",
         "date":"2023-07-14T18:00:00Z",
         "event_capacity":35,
         "price":10,
         "creator":3,
         "place":6,
         "created_at":"2023-05-19T07:30:18.418Z",
         "updated_at":"2023-05-19T07:30:18.418Z"
      }
   },
   {
      "model":"api.event",
      "pk":14,
      "fields":{
         "title":"Exams Behind, BBQ Ahead",
         "description":"Join us for a post-exam student BBQ to celebrate your achievements and connect with fellow students.",
         "event_pic":"https://images.pexels.com/photos/1482803/pexels-photo-1482803.jpeg?auto=compress&cs=tinysrgb&w=1600",
         "date":"2023-06-30T18:00:00Z",
         "event_capacity":130,
         "price":0,
         "creator":3,
         "place":7,
         "created_at":"2023-05-21T22:17:42.362Z",
         "updated_at":"2023-05-23T07:44:51.253Z"
      }
   },
   {
      "model":"api.event",
      "pk":15,
      "fields":{
         "title":"Student Picnic",
         "description":"Join us for a fun picnic! Enjoy a day filled with outdoor games, delicious food, and great company.",
         "event_pic":"https://images.pexels.com/photos/1320761/pexels-photo-1320761.jpeg?auto=compress&cs=tinysrgb&w=1260&h=750&dpr=2",
         "date":"2023-06-19T14:00:00Z",
         "event_capacity":100,
         "price":0,
         "creator":3,
         "place":2,
         "created_at":"2023-05-22T19:38:28.183Z",
         "updated_at":"2023-05-22T19:38:28.183Z"
      }
   },
   {
      "model":"api.event",
      "pk":16,
      "fields":{
         "title":"Explore IT through Minecraft",
         "description":"Embark on an exhilarating adventure to explore the world of IT through the immersive realm of Minecraft!",
         "event_pic":"https://images.pexels.com/photos/1438072/pexels-photo-1438072.jpeg?auto=compress&cs=tinysrgb&w=1600",
         "date":"2023-07-03T10:00:00Z",
         "event_capacity":150,
         "price":0,
         "creator":3,
         "place":9,
         "created_at":"2023-05-22T20:04:43.975Z",
         "updated_at":"2023-05-23T07:43:51.846Z"
      }
   },
   {
      "model":"api.event",
      "pk":17,
      "fields":{
         "title":"Cheers to Exam Freedom",
         "description":"Celebrate the completion of your exams and raise a glass to your hard work and achievements! Join us for an epic post-exams gathering filled with drinks, laughter, and good vibes. It's time to unwind, relax, and enjoy the company of your fellow students as you toast to a successful semester.\r\n\r\nHighlights of the event:\r\n\r\nAn extensive selection of beverages, including signature cocktails, craft beers, and non-alcoholic options.\r\nLive music performances by talented local artists to set the mood and keep the energy high.",
         "event_pic":"https://images.pexels.com/photos/1283219/pexels-photo-1283219.jpeg?auto=compress&cs=tinysrgb&w=1600",
         "date":"2023-06-28T21:30:00Z",
         "event_capacity":85,
         "price":0,
         "creator":3,
         "place":10,
         "created_at":"2023-05-27T22:09:32.028Z",
         "updated_at":"2023-05-27T22:27:02.653Z"
      }
   },
   {
      "model":"api.event",
      "pk":18,
      "fields":{
         "title":"Summer Study Camp",
         "description":"Make the most of your summer break by joining our Summer Study Camp, designed to help you stay sharp and focused on your studies even during the vacation period. This unique event offers a supportive and motivating environment for students who want to review and revise their academic subjects while still enjoying the summer vibes.",
         "event_pic":"https://images.pexels.com/photos/6147161/pexels-photo-6147161.jpeg?auto=compress&cs=tinysrgb&w=1600",
         "date":"2023-08-02T08:30:00Z",
         "event_capacity":35,
         "price":450,
         "creator":3,
         "place":9,
         "created_at":"2023-05-27T22:10:17.670Z",
         "updated_at":"2023-05-27T22:30:25.167Z"
      }
   },
   {
      "model":"api.event",
      "pk":19,
      "fields":{
         "title":"Pub Meet-Up",
         "description":"Looking to relax, socialize, and have a great time with friends? Join our Pub Meetup event for an evening of casual fun and good company at your favorite local pub.",
         "event_pic":"https://images.pexels.com/photos/1058277/pexels-photo-1058277.jpeg?auto=compress&cs=tinysrgb&w=1600",
         "date":"2025-03-28T18:30:00Z",
         "event_capacity":50,
         "price":20,
         "creator":3,
         "place":11,
         "created_at":"2023-05-27T22:34:57.535Z",
         "updated_at":"2023-05-27T22:34:57.535Z"
      }
   },
   {
      "model":"api.interested_in_event",
      "pk":28,
      "fields":{
         "event":11,
         "user":1
      }
   },
   {
      "model":"api.interested_in_event",
      "pk":29,
      "fields":{
         "event":4,
         "user":1
      }
   },
   {
      "model":"api.interested_in_event",
      "pk":30,
      "fields":{
         "event":15,
         "user":1
      }
   },
   {
      "model":"api.interested_in_event",
      "pk":31,
      "fields":{
         "event":14,
         "user":1
      }
   },
   {
      "model":"api.interested_in_event",
      "pk":46,
      "fields":{
         "event":7,
         "user":3
      }
   },
   {
      "model":"api.interested_in_event",
      "pk":47,
      "fields":{
         "event":15,
         "user":3
      }
   },
   {
      "model":"api.interested_in_event",
      "pk":48,
      "fields":{
         "event":8,
         "user":3
      }
   },
   {
      "model":"api.interested_in_event",
      "pk":49,
      "fields":{
         "event":9,
         "user":3
      }
   },
   {
      "model":"api.interested_in_event",
      "pk":50,
      "fields":{
         "event":10,
         "user":3
      }
   },
   {
      "model":"api.interested_in_event",
      "pk":52,
      "fields":{
         "event":18,
         "user":3
      }
   },
   {
      "model":"api.interested_in_event",
      "pk":53,
      "fields":{
         "event":6,
         "user":9
      }
   },
   {
      "model":"api.interested_in_event",
      "pk":54,
      "fields":{
         "event":4,
         "user":8
      }
   },
   {
      "model":"api.interested_in_event",
      "pk":55,
      "fields":{
         "event":14,
         "user":13
      }
   },
   {
      "model":"api.interested_in_event",
      "pk":56,
      "fields":{
         "event":4,
         "user":12
      }
   },
   {
      "model":"api.interested_in_event",
      "pk":58,
      "fields":{
         "event":18,
         "user":13
      }
   },
   {
      "model":"api.interested_in_event",
      "pk":59,
      "fields":{
         "event":7,
         "user":1
      }
   },
   {
      "model":"api.interested_in_event",
      "pk":60,
      "fields":{
         "event":12,
         "user":10
      }
   },
   {
      "model":"api.interested_in_event",
      "pk":61,
      "fields":{
         "event":2,
         "user":11
      }
   },
   {
      "model":"api.interested_in_event",
      "pk":62,
      "fields":{
         "event":15,
         "user":12
      }
   },
   {
      "model":"api.interested_in_event",
      "pk":63,
      "fields":{
         "event":7,
         "user":9
      }
   },
   {
      "model":"api.interested_in_event",
      "pk":64,
      "fields":{
         "event":1,
         "user":12
      }
   },
   {
      "model":"api.interested_in_event",
      "pk":65,
      "fields":{
         "event":2,
         "user":9
      }
   },
   {
      "model":"api.interested_in_event",
      "pk":67,
      "fields":{
         "event":17,
         "user":12
      }
   },
   {
      "model":"api.interested_in_event",
      "pk":69,
      "fields":{
         "event":17,
         "user":11
      }
   },
   {
      "model":"api.interested_in_event",
      "pk":70,
      "fields":{
         "event":17,
         "user":9
      }
   },
   {
      "model":"api.interested_in_event",
      "pk":72,
      "fields":{
         "event":17,
         "user":1
      }
   },
   {
      "model":"api.interested_in_event",
      "pk":73,
      "fields":{
         "event":12,
         "user":13
      }
   },
   {
      "model":"api.interested_in_event",
      "pk":74,
      "fields":{
         "event":12,
         "user":8
      }
   },
   {
      "model":"api.interested_in_event",
      "pk":75,
      "fields":{
         "event":14,
         "user":8
      }
   },
   {
      "model":"api.interested_in_event",
      "pk":76,
      "fields":{
         "event":14,
         "user":9
      }
   },
   {
      "model":"api.interested_in_event",
      "pk":77,
      "fields":{
         "event":14,
         "user":10
      }
   },
   {
      "model":"api.interested_in_event",
      "pk":78,
      "fields":{
         "event":14,
         "user":2
      }
   },
   {
      "model":"api.interested_in_event",
      "pk":79,
      "fields":{
         "event":16,
         "user":2
      }
   },
   {
      "model":"api.interested_in_event",
      "pk":80,
      "fields":{
         "event":12,
         "user":2
      }
   },
   {
      "model":"api.interested_in_event",
      "pk":81,
      "fields":{
         "event":6,
         "user":2
      }
   },
   {
      "model":"api.interested_in_event",
      "pk":82,
      "fields":{
         "event":3,
         "user":2
      }
   },
   {
      "model":"api.interested_in_event",
      "pk":83,
      "fields":{
         "event":5,
         "user":2
      }
   },
   {
      "model":"api.interested_in_event",
      "pk":84,
      "fields":{
         "event":2,
         "user":2
      }
   },
   {
      "model":"api.interested_in_event",
      "pk":85,
      "fields":{
         "event":19,
         "user":2
      }
   },
   {
      "model":"api.interested_in_event",
      "pk":86,
      "fields":{
         "event":6,
         "user":5
      }
   },
   {
      "model":"api.interested_in_event",
      "pk":87,
      "fields":{
         "event":15,
         "user":5
      }
   },
   {
      "model":"api.interested_in_event",
      "pk":88,
      "fields":{
         "event":17,
         "user":5
      }
   },
   {
      "model":"api.interested_in_event",
      "pk":89,
      "fields":{
         "event":4,
         "user":5
      }
   },
   {
      "model":"api.interested_in_event",
      "pk":90,
      "fields":{
         "event":10,
         "user":5
      }
   },
   {
      "model":"api.interested_in_event",
      "pk":91,
      "fields":{
         "event":9,
         "user":5
      }
   },
   {
      "model":"api.interested_in_event",
      "pk":92,
      "fields":{
         "event":18,
         "user":5
      }
   },
   {
      "model":"api.interested_in_event",
      "pk":93,
      "fields":{
         "event":13,
         "user":5
      }
   },
   {
      "model":"api.interested_in_event",
      "pk":94,
      "fields":{
         "event":5,
         "user":5
      }
   },
   {
      "model":"api.interested_in_event",
      "pk":95,
      "fields":{
         "event":19,
         "user":5
      }
   },
   {
      "model":"api.interested_in_event",
      "pk":96,
      "fields":{
         "event":3,
         "user":4
      }
   },
   {
      "model":"api.interested_in_event",
      "pk":97,
      "fields":{
         "event":7,
         "user":4
      }
   },
   {
      "model":"api.interested_in_event",
      "pk":98,
      "fields":{
         "event":17,
         "user":4
      }
   },
   {
      "model":"api.interested_in_event",
      "pk":99,
      "fields":{
         "event":4,
         "user":4
      }
   },
   {
      "model":"api.interested_in_event",
      "pk":100,
      "fields":{
         "event":5,
         "user":4
      }
   },
   {
      "model":"api.interested_in_event",
      "pk":101,
      "fields":{
         "event":13,
         "user":4
      }
   },
   {
      "model":"api.interested_in_event",
      "pk":102,
      "fields":{
         "event":18,
         "user":4
      }
   },
   {
      "model":"api.interested_in_event",
      "pk":103,
      "fields":{
         "event":1,
         "user":1
      }
   },
   {
      "model":"api.interested_in_event",
      "pk":104,
      "fields":{
         "event":2,
         "user":1
      }
   },
   {
      "model":"api.interested_in_event",
      "pk":105,
      "fields":{
         "event":8,
         "user":1
      }
   },
   {
      "model":"api.interested_in_event",
      "pk":106,
      "fields":{
         "event":13,
         "user":3
      }
   },
   {
      "model":"api.interested_in_event",
      "pk":107,
      "fields":{
         "event":16,
         "user":5
      }
   },
   {
      "model":"api.interested_in_event",
      "pk":108,
      "fields":{
         "event":16,
         "user":8
      }
   },
   {
      "model":"api.interested_in_event",
      "pk":109,
      "fields":{
         "event":14,
         "user":3
      }
   },
   {
      "model":"api.interested_in_event",
      "pk":110,
      "fields":{
         "event":15,
         "user":8
      }
   },
   {
      "model":"api.interested_in_event",
      "pk":111,
      "fields":{
         "event":2,
         "user":13
      }
   },
   {
      "model":"api.interested_in_event",
      "pk":112,
      "fields":{
         "event":10,
         "user":1
      }
   },
   {
      "model":"api.interested_in_event",
      "pk":113,
      "fields":{
         "event":10,
         "user":4
      }
   },
   {
      "model":"api.comment",
      "pk":1,
      "fields":{
         "user":8,
         "event":12,
         "msg":"Need help with Java",
         "created_at":"2023-05-31T14:27:53.090Z"
      }
   },
   {
      "model":"api.comment",
      "pk":2,
      "fields":{
         "user":13,
         "event":12,
         "msg":"Same here :(",
         "created_at":"2023-05-31T14:29:38.475Z"
      }
   },
   {
      "model":"api.comment",
      "pk":3,
      "fields":{
         "user":10,
         "event":12,
         "msg":"I can help you with that ;)",
         "created_at":"2023-05-31T14:31:38.946Z"
      }
   },
   {
      "model":"api.comment",
      "pk":4,
      "fields":{
         "user":5,
         "event":11,
         "msg":"Event pic is missing",
         "created_at":"2023-05-31T14:32:29.032Z"
      }
   },
   {
      "model":"api.comment",
      "pk":5,
      "fields":{
         "user":2,
         "event":14,
         "msg":"Let's go !",
         "created_at":"2023-05-31T14:34:18.839Z"
      }
   },
   {
      "model":"api.comment",
      "pk":6,
      "fields":{
         "user":1,
         "event":14,
         "msg":"I'll bring some beers !",
         "created_at":"2023-05-31T14:34:31.922Z"
      }
   },
   {
      "model":"api.comment",
      "pk":7,
      "fields":{
         "user":10,
         "event":14,
         "msg":"Me too :)",
         "created_at":"2023-05-31T14:35:08.481Z"
      }
   },
   {
      "model":"api.comment",
      "pk":8,
      "fields":{
         "user":8,
         "event":14,
         "msg":"We need music !!!",
         "created_at":"2023-05-31T14:37:13.760Z"
      }
   },
   {
      "model":"api.comment",
      "pk":9,
      "fields":{
         "user":5,
         "event":10,
         "msg":"Interesting !",
         "created_at":"2023-05-31T14:40:26.478Z"
      }
   },
   {
      "model":"api.comment",
      "pk":10,
      "fields":{
         "user":10,
         "event":4,
         "msg":"Yesssssssss",
         "created_at":"2023-05-31T14:43:32.369Z"
      }
   },
   {
      "model":"api.comment",
      "pk":11,
      "fields":{
         "user":12,
         "event":19,
         "msg":"Wow...",
         "created_at":"2023-05-31T14:43:49.915Z"
      }
   },
   {
      "model":"api.comment",
      "pk":12,
      "fields":{
         "user":4,
         "event":6,
         "msg":"I'll beat you all",
         "created_at":"2023-05-31T14:44:21.275Z"
      }
   },
   {
      "model":"api.comment",
      "pk":13,
      "fields":{
         "user":4,
         "event":13,
         "msg":"ez",
         "created_at":"2023-05-31T14:44:54.341Z"
      }
   },
   {
      "model":"api.comment",
      "pk":14,
      "fields":{
         "user":1,
         "event":7,
         "msg":"I'm undefeated !!!!",
         "created_at":"2023-05-31T14:45:48.872Z"
      }
   },
   {
      "model":"api.comment",
      "pk":15,
      "fields":{
         "user":11,
         "event":18,
         "msg":"Summer study ................",
         "created_at":"2023-05-31T14:46:24.585Z"
      }
   },
   {
      "model":"api.comment",
      "pk":16,
      "fields":{
         "user":9,
         "event":4,
         "msg":"I can't wait !!!",
         "created_at":"2023-05-31T14:47:01.063Z"
      }
   },
   {
      "model":"api.comment",
      "pk":17,
      "fields":{
         "user":2,
         "event":4,
         "msg":"Same !",
         "created_at":"2023-05-31T14:47:24.105Z"
      }
   },
   {
      "model":"api.comment",
      "pk":18,
      "fields":{
         "user":4,
         "event":3,
         "msg":"I can help if you need me",
         "created_at":"2023-05-31T14:48:37.578Z"
      }
   },
   {
      "model":"api.comment",
      "pk":19,
      "fields":{
         "user":9,
         "event":16,
         "msg":"Minecraft is so cool !",
         "created_at":"2023-05-31T14:49:54.091Z"
      }
   },
   {
      "model":"api.comment",
      "pk":20,
      "fields":{
         "user":2,
         "event":2,
         "msg":"I suck at singing :(",
         "created_at":"2023-05-31T14:50:48.502Z"
      }
   },
   {
      "model":"api.comment",
      "pk":21,
      "fields":{
         "user":11,
         "event":2,
         "msg":"No worries",
         "created_at":"2023-05-31T14:51:16.023Z"
      }
   },
   {
      "model":"api.comment",
      "pk":22,
      "fields":{
         "user":5,
         "event":13,
         "msg":"ezzzzzzzz",
         "created_at":"2023-05-31T14:52:02.046Z"
      }
   },
   {
      "model":"api.comment",
      "pk":23,
      "fields":{
         "user":3,
         "event":7,
         "msg":"Bet",
         "created_at":"2023-05-31T14:53:12.502Z"
      }
   },
   {
      "model":"api.comment",
      "pk":24,
      "fields":{
         "user":13,
         "event":14,
         "msg":"Can't wait !!!",
         "created_at":"2023-05-31T15:16:05.338Z"
      }
   },
   {
      "model":"api.comment",
      "pk":25,
      "fields":{
         "user":12,
         "event":6,
         "msg":"You sure about this?",
         "created_at":"2023-05-31T18:16:21.996Z"
      }
   },
   {
      "model":"api.comment",
      "pk":26,
      "fields":{
         "user":4,
         "event":6,
         "msg":"Yep",
         "created_at":"2023-05-31T18:16:46.454Z"
      }
   },
   {
      "model":"api.comment",
      "pk":27,
      "fields":{
         "user":12,
         "event":6,
         "msg":"We'll see then",
         "created_at":"2023-05-31T18:17:07.854Z"
      }
   },
   {
      "model":"api.comment",
      "pk":28,
      "fields":{
         "user":13,
         "event":6,
         "msg":"I'm in !",
         "created_at":"2023-05-31T18:17:25.097Z"
      }
   },
   {
      "model":"api.comment",
      "pk":29,
      "fields":{
         "user":2,
         "event":6,
         "msg":"Same",
         "created_at":"2023-05-31T18:17:39.588Z"
      }
   },
   {
      "model":"api.comment",
      "pk":30,
      "fields":{
         "user":8,
         "event":15,
         "msg":";)",
         "created_at":"2023-05-31T18:20:06.021Z"
      }
   },
   {
      "model":"api.comment",
      "pk":31,
      "fields":{
         "user":5,
         "event":17,
         "msg":"Go for a barathon !",
         "created_at":"2023-05-31T18:24:57.091Z"
      }
   },
   {
      "model":"api.comment",
      "pk":32,
      "fields":{
         "user":9,
         "event":17,
         "msg":"Good idea ;)",
         "created_at":"2023-05-31T18:25:21.291Z"
      }
   },
   {
      "model":"api.comment",
      "pk":33,
      "fields":{
         "user":4,
         "event":17,
         "msg":"I'm in",
         "created_at":"2023-05-31T18:25:41.621Z"
      }
   },
   {
      "model":"api.comment",
      "pk":34,
      "fields":{
         "user":12,
         "event":17,
         "msg":"Me too",
         "created_at":"2023-05-31T18:26:19.982Z"
      }
   },
   {
      "model":"api.comment",
      "pk":35,
      "fields":{
         "user":11,
         "event":17,
         "msg":"Same",
         "created_at":"2023-05-31T18:26:29.610Z"
      }
   },
   {
      "model":"api.comment",
      "pk":36,
      "fields":{
         "user":2,
         "event":3,
         "msg":"Thanks !",
         "created_at":"2023-05-31T18:37:25.169Z"
      }
   },
   {
      "model":"api.comment",
      "pk":37,
      "fields":{
         "user":5,
         "event":15,
         "msg":":p",
         "created_at":"2023-05-31T18:38:17.077Z"
      }
   },
   {
      "model":"api.comment",
      "pk":38,
      "fields":{
         "user":13,
         "event":2,
         "msg":"😁",
         "created_at":"2023-06-01T10:08:44.116Z"
      }
   },
   {
      "model":"api.comment",
      "pk":39,
      "fields":{
         "user":3,
         "event":10,
         "msg":"😶‍🌫️",
         "created_at":"2023-06-01T10:12:15.916Z"
      }
   },
   {
      "model":"api.comment",
      "pk":40,
      "fields":{
         "user":2,
         "event":15,
         "msg":"I'll be there",
         "created_at":"2023-06-01T10:13:40.768Z"
      }
   },
   {
      "model":"api.comment",
      "pk":41,
      "fields":{
         "user":4,
         "event":3,
         "msg":"No problem",
         "created_at":"2023-06-01T11:01:19.616Z"
      }
   },
   {
      "model":"api.comment",
      "pk":42,
      "fields":{
         "user":8,
         "event":3,
         "msg":"Can I join ?",
         "created_at":"2023-06-01T11:01:54.691Z"
      }
   },
   {
      "model":"api.comment",
      "pk":43,
      "fields":{
         "user":4,
         "event":3,
         "msg":"Yea why not ?",
         "created_at":"2023-06-01T11:02:08.462Z"
      }
   },
   {
      "model":"api.comment",
      "pk":44,
      "fields":{
         "user":8,
         "event":3,
         "msg":"Thx !",
         "created_at":"2023-06-01T11:02:30.552Z"
      }
   },
   {
      "model":"api.comment",
      "pk":45,
      "fields":{
         "user":10,
         "event":7,
         "msg":"🍻",
         "created_at":"2023-06-01T11:05:15.037Z"
      }
   }
]